ID,Promoter
prom001,TTGACAGCTAGCTCAGTCCTAGGTATAATGCTAGC
prom002,TTTACGGCTAGCTCAGTCCTAGGTACAATGCTAGC
prom003,TTGACAGCTAGCTCAGTCCTAGGTACTGTGCTAGC
prom004,TTTACAGCTAGCTCAGCCCTAGGTATTATGCTAGC
prom005,TTGACAGCTAGCTCAATCCTAGGTATAATACTAGC
prom006,CTGATAGCTAGCTCAGTCCTAGGGATTATGCTAGC
prom007,TTGACAACTAGCTCAGTCCTAGGTATAATGCTAGC
prom008,TTGTCAGCTAGCTCAGTCCTAGGTATAATCCTAGC
prom009,TTGACAGCAAGCTCAGTCCTAGGTATAATGATAGC
prom010,TTGACCGCTAGCTCAGTCCTAGGTATAATGCAAGC
prom011,ATGACAGCTAGCTCAGTCCGAGGTATAATGCTAGC
prom012,TTGACAGCTAGCACAGTCCTAGGTATAATGCTAGG
prom013,TTGACAGCTAGCTCTGTCCTAGGAATAATGCTAGC
prom014,TTGAAAGCTAGCTCAGTCTTAGGTATAATGCTAGC
prom015,TTGACAGCTAGCTCAGTCCTAGGTATAATGCTAGT
